{"options":{"check_for_updates":false,"comment":null,"compatopts_for_requires":true,"compat_wrappedjsobject":false,"compat_metadata":false,"compat_foreach":false,"compat_powerful_this":null,"sandbox":null,"noframes":null,"unwrap":null,"run_at":"document-start","tab_types":null,"override":{"use_includes":[],"orig_includes":["https://www.youtube.com/"],"merge_includes":true,"use_matches":[],"orig_matches":["https://www.youtube.com/watch*"],"merge_matches":true,"use_excludes":[],"orig_excludes":[],"merge_excludes":true,"use_connects":[],"orig_connects":[],"merge_connects":true,"use_blockers":[],"orig_run_at":"document-start","orig_noframes":null}},"settings":{"enabled":true,"position":1},"meta":{"name":"Освещение и качество видео ютуб","uuid":"0b0f0a19-ba49-4544-a555-f513f6f75322","modified":1669557722854}}